<?xml version="1.0" encoding="utf-8"?>
<Company>
    <staff id="1001">
        <name>mkyong</name>
        <role>support</role>
        <salary currency="USD">5000</salary>
        <!-- for special characters like < &, need CDATA -->
        <bio><![CDATA[HTML tag <code>testing</code>]]></bio>
    </staff>
    <staff id="1002">
        <name>yflow</name>
        <role>admin</role>
        <salary currency="EUR">8000</salary>
        <bio><![CDATA[a & b]]></bio>
    </staff>
</Company>
